<?xml version="1.0"?>
<ctml>
  <validate species="yes" reactions="yes"/>

  <!-- phase argon     -->
  <phase id="argon" dim="3">
    <elementArray datasrc="elements.xml">Ar </elementArray>
    <speciesArray datasrc="#species_data">AR </speciesArray>
    <reactionArray datasrc="#reaction_data"/>
    <state>
      <temperature units="K">300.0</temperature>
      <pressure units="Pa">101325.0</pressure>
    </state>
    <thermo model="IdealGas"/>
    <kinetics model="GasKinetics"/>
    <transport model="Mix"/>
  </phase>

  <!-- species definitions     -->
  <speciesData id="species_data">

    <!-- species AR    -->
    <species name="AR">
      <atomArray>Ar:1 </atomArray>
      <note>120186</note>
      <thermo>
        <NASA Tmin="300.0" Tmax="1000.0" P0="100000.0">
           <floatArray size="7" name="coeffs">
             2.500000000E+00,   0.000000000E+00,   0.000000000E+00,   0.000000000E+00, 
             0.000000000E+00,  -7.453750000E+02,   4.366000000E+00</floatArray>
        </NASA>
        <NASA Tmin="1000.0" Tmax="5000.0" P0="100000.0">
           <floatArray size="7" name="coeffs">
             2.500000000E+00,   0.000000000E+00,   0.000000000E+00,   0.000000000E+00, 
             0.000000000E+00,  -7.453750000E+02,   4.366000000E+00</floatArray>
        </NASA>
      </thermo>
      <transport model="gas_transport">
        <string title="geometry">atom</string>
        <LJ_welldepth units="K">136.500</LJ_welldepth>
        <LJ_diameter units="A">3.330</LJ_diameter>
        <dipoleMoment units="Debye">0.000</dipoleMoment>
        <polarizability units="A3">0.000</polarizability>
        <rotRelax>0.000</rotRelax>
        <dispersion_coefficient units="A5">0.000</dispersion_coefficient>
        <quadrupole_polarizability units="A5">0.000</quadrupole_polarizability>
      </transport>
    </species>
  </speciesData>
  <reactionData id="reaction_data"/>
</ctml>
