<?xml version="1.0"?>
<ctml>
  <validate species="yes" reactions="yes"/>

  <!-- phase graphite     -->
  <phase id="graphite" dim="3">
    <elementArray datasrc="elements.xml">C</elementArray>
    <speciesArray datasrc="#species_data">C(gr)</speciesArray>
    <state>
      <temperature units="K">300.0</temperature>
      <pressure units="Pa">101325.0</pressure>
    </state>
    <thermo model="StoichSubstance">
      <density units="g/cm3">2.16</density>
    </thermo>
    <transport model="None"/>
    <kinetics model="none"/>
  </phase>

  <!-- species definitions     -->
  <speciesData id="species_data">

    <!-- species C(gr)    -->
    <species name="C(gr)">
      <atomArray>C:1 </atomArray>
      <thermo>
        <NASA Tmin="200.0" Tmax="1000.0" P0="100000.0">
           <floatArray size="7" name="coeffs">
             -3.108720720E-01,   4.403536860E-03,   1.903941180E-06,  -6.385469660E-09, 
             2.989642480E-12,  -1.086507940E+02,   1.113829530E+00</floatArray>
        </NASA>
        <NASA Tmin="1000.0" Tmax="5000.0" P0="100000.0">
           <floatArray size="7" name="coeffs">
             1.455718290E+00,   1.717022160E-03,  -6.975627860E-07,   1.352770320E-10, 
             -9.675906520E-15,  -6.951388140E+02,  -8.525830330E+00</floatArray>
        </NASA>
      </thermo>
    </species>
  </speciesData>
  <reactionData id="reaction_data"/>
</ctml>
