<?xml version="1.0"?>
<ctml>
  <validate species="yes" reactions="yes"/>

  <!-- phase water     -->
  <phase id="water" dim="3">
    <elementArray datasrc="elements.xml">O  H </elementArray>
    <speciesArray datasrc="#species_data">H2O</speciesArray>
    <state>
      <temperature units="K">300.0</temperature>
      <pressure units="Pa">101325.0</pressure>
    </state>
    <thermo model="PureFluid" fluid_type="0"/>
    <kinetics model="none"/>
  </phase>

  <!-- phase nitrogen     -->
  <phase id="nitrogen" dim="3">
    <elementArray datasrc="elements.xml">N </elementArray>
    <speciesArray datasrc="#species_data">N2</speciesArray>
    <state>
      <temperature units="K">300.0</temperature>
      <pressure units="Pa">101325.0</pressure>
    </state>
    <thermo model="PureFluid" fluid_type="1"/>
    <kinetics model="none"/>
  </phase>

  <!-- phase methane     -->
  <phase id="methane" dim="3">
    <elementArray datasrc="elements.xml">C H </elementArray>
    <speciesArray datasrc="#species_data">CH4</speciesArray>
    <state>
      <temperature units="K">300.0</temperature>
      <pressure units="Pa">101325.0</pressure>
    </state>
    <thermo model="PureFluid" fluid_type="2"/>
    <kinetics model="none"/>
  </phase>

  <!-- phase hydrogen     -->
  <phase id="hydrogen" dim="3">
    <elementArray datasrc="elements.xml">H </elementArray>
    <speciesArray datasrc="#species_data">H2</speciesArray>
    <state>
      <temperature units="K">300.0</temperature>
      <pressure units="Pa">101325.0</pressure>
    </state>
    <thermo model="PureFluid" fluid_type="3"/>
    <kinetics model="none"/>
  </phase>

  <!-- phase oxygen     -->
  <phase id="oxygen" dim="3">
    <elementArray datasrc="elements.xml">O </elementArray>
    <speciesArray datasrc="#species_data">O2</speciesArray>
    <state>
      <temperature units="K">300.0</temperature>
      <pressure units="Pa">101325.0</pressure>
    </state>
    <thermo model="PureFluid" fluid_type="4"/>
    <kinetics model="none"/>
  </phase>

  <!-- phase carbondioxide     -->
  <phase id="carbondioxide" dim="3">
    <elementArray datasrc="elements.xml">C O </elementArray>
    <speciesArray datasrc="#species_data">CO2</speciesArray>
    <state>
      <temperature units="K">280.0</temperature>
      <pressure units="Pa">101325.0</pressure>
    </state>
    <thermo model="PureFluid" fluid_type="7"/>
    <kinetics model="none"/>
  </phase>

  <!-- phase heptane     -->
  <phase id="heptane" dim="3">
    <elementArray datasrc="elements.xml">C H </elementArray>
    <speciesArray datasrc="#species_data">C7H16</speciesArray>
    <state>
      <temperature units="K">300.0</temperature>
      <pressure units="Pa">101325.0</pressure>
    </state>
    <thermo model="PureFluid" fluid_type="8"/>
    <kinetics model="none"/>
  </phase>

  <!-- phase hfc134a     -->
  <phase id="hfc134a" dim="3">
    <elementArray datasrc="elements.xml">C F H </elementArray>
    <speciesArray datasrc="#species_data">C2F4H2</speciesArray>
    <state>
      <temperature units="K">300.0</temperature>
      <pressure units="Pa">101325.0</pressure>
    </state>
    <thermo model="PureFluid" fluid_type="5"/>
    <kinetics model="none"/>
  </phase>

  <!-- species definitions     -->
  <speciesData id="species_data">

    <!-- species H2O    -->
    <species name="H2O">
      <atomArray>H:2 O:1 </atomArray>
      <thermo>
        <NASA Tmin="273.16" Tmax="1000.0" P0="100000.0">
           <floatArray size="7" name="coeffs">
             4.198640560E+00,  -2.036434100E-03,   6.520402110E-06,  -5.487970620E-09, 
             1.771978170E-12,  -3.029372670E+04,  -8.490322080E-01</floatArray>
        </NASA>
        <NASA Tmin="1000.0" Tmax="1600.0" P0="100000.0">
           <floatArray size="7" name="coeffs">
             3.033992490E+00,   2.176918040E-03,  -1.640725180E-07,  -9.704198700E-11, 
             1.682009920E-14,  -3.000429710E+04,   4.966770100E+00</floatArray>
        </NASA>
      </thermo>
    </species>

    <!-- species N2    -->
    <species name="N2">
      <atomArray>N:2 </atomArray>
      <thermo>
        <NASA Tmin="63.15" Tmax="1000.0" P0="100000.0">
           <floatArray size="7" name="coeffs">
             3.298677000E+00,   1.408240400E-03,  -3.963222000E-06,   5.641515000E-09, 
             -2.444854000E-12,  -1.020899900E+03,   3.950372000E+00</floatArray>
        </NASA>
        <NASA Tmin="1000.0" Tmax="2000.0" P0="100000.0">
           <floatArray size="7" name="coeffs">
             2.926640000E+00,   1.487976800E-03,  -5.684760000E-07,   1.009703800E-10, 
             -6.753351000E-15,  -9.227977000E+02,   5.980528000E+00</floatArray>
        </NASA>
      </thermo>
    </species>

    <!-- species CH4    -->
    <species name="CH4">
      <atomArray>C:1 H:4 </atomArray>
      <thermo>
        <NASA Tmin="90.68" Tmax="1000.0" P0="100000.0">
           <floatArray size="7" name="coeffs">
             5.149876130E+00,  -1.367097880E-02,   4.918005990E-05,  -4.847430260E-08, 
             1.666939560E-11,  -1.024664760E+04,  -4.641303760E+00</floatArray>
        </NASA>
        <NASA Tmin="1000.0" Tmax="1700.0" P0="100000.0">
           <floatArray size="7" name="coeffs">
             7.485149500E-02,   1.339094670E-02,  -5.732858090E-06,   1.222925350E-09, 
             -1.018152300E-13,  -9.468344590E+03,   1.843731800E+01</floatArray>
        </NASA>
      </thermo>
    </species>

    <!-- species O2    -->
    <species name="O2">
      <atomArray>O:2 </atomArray>
      <thermo>
        <NASA Tmin="54.34" Tmax="1000.0" P0="100000.0">
           <floatArray size="7" name="coeffs">
             3.782456360E+00,  -2.996734160E-03,   9.847302010E-06,  -9.681295090E-09, 
             3.243728370E-12,  -1.063943560E+03,   3.657675730E+00</floatArray>
        </NASA>
        <NASA Tmin="1000.0" Tmax="2000.0" P0="100000.0">
           <floatArray size="7" name="coeffs">
             3.282537840E+00,   1.483087540E-03,  -7.579666690E-07,   2.094705550E-10, 
             -2.167177940E-14,  -1.088457720E+03,   5.453231290E+00</floatArray>
        </NASA>
      </thermo>
    </species>

    <!-- species H2    -->
    <species name="H2">
      <atomArray>H:2 </atomArray>
      <thermo>
        <NASA Tmin="13.8" Tmax="1000.0" P0="100000.0">
           <floatArray size="7" name="coeffs">
             2.344331120E+00,   7.980520750E-03,  -1.947815100E-05,   2.015720940E-08, 
             -7.376117610E-12,  -9.179351730E+02,   6.830102380E-01</floatArray>
        </NASA>
        <NASA Tmin="1000.0" Tmax="5000.0" P0="100000.0">
           <floatArray size="7" name="coeffs">
             3.337279200E+00,  -4.940247310E-05,   4.994567780E-07,  -1.795663940E-10, 
             2.002553760E-14,  -9.501589220E+02,  -3.205023310E+00</floatArray>
        </NASA>
      </thermo>
    </species>

    <!-- species CO2    -->
    <species name="CO2">
      <atomArray>C:1 O:2 </atomArray>
      <thermo>
        <NASA Tmin="200.0" Tmax="1000.0" P0="100000.0">
           <floatArray size="7" name="coeffs">
             2.356773520E+00,   8.984596770E-03,  -7.123562690E-06,   2.459190220E-09, 
             -1.436995480E-13,  -4.837196970E+04,   9.901052220E+00</floatArray>
        </NASA>
        <NASA Tmin="1000.0" Tmax="3500.0" P0="100000.0">
           <floatArray size="7" name="coeffs">
             3.857460290E+00,   4.414370260E-03,  -2.214814040E-06,   5.234901880E-10, 
             -4.720841640E-14,  -4.875916600E+04,   2.271638060E+00</floatArray>
        </NASA>
      </thermo>
    </species>

    <!-- species C7H16    -->
    <species name="C7H16">
      <atomArray>C:7 H:16 </atomArray>
      <thermo>
        <NASA Tmin="200.0" Tmax="1000.0" P0="100000.0">
           <floatArray size="7" name="coeffs">
             1.115324840E+01,  -9.494154330E-03,   1.955711810E-04,  -2.497525200E-07, 
             9.848732130E-11,  -2.677117350E+04,  -1.590961100E+01</floatArray>
        </NASA>
        <NASA Tmin="1000.0" Tmax="6000.0" P0="100000.0">
           <floatArray size="7" name="coeffs">
             1.853547040E+01,   3.914204680E-02,  -1.380302680E-05,   2.224038740E-09, 
             -1.334525800E-13,  -3.195007830E+04,  -7.019028400E+01</floatArray>
        </NASA>
      </thermo>
    </species>

    <!-- species C2F4H2    -->
    <species name="C2F4H2">
      <atomArray>C:2 F:4 H:2 </atomArray>
      <thermo>
        <const_cp Tmin="100.0" Tmax="5000.0">
           <t0 units="K">273.15</t0>
           <h0 units="J/kmol">23083414.8686</h0>
           <s0 units="J/kmol/K">167025.466</s0>
           <cp0 units="J/kmol/K">0.0</cp0>
        </const_cp>
      </thermo>
    </species>
  </speciesData>
  <reactionData id="reaction_data"/>
</ctml>
